Фамилия,Имя
Ачкасов,Юрий
Баранов,Игорь
Белянин,Алексей
Блидман,Дмитрий
Геворгян,Давид
Гойхман,Михаил
Григорьев,Леонид
Дебелов,Алексей
Елисеева,Виталия
Ениколопов,Рубен
Жеглов,Евгений
Замулин,Олег
Земцов,Максим
Исупова,Ольга
Казанцева,Ася
Калашнов,Георгий
Кипяткова,Вера
Козлов,Константин
Комаров,Михаил
Котлинская,Екатерина
Кривых,Полина
Кульбака,Николай
Левандо,Дмитрий
Макаров,Игорь
Маркин,Максим
Панфилова,Елена
Пекарский,Сергей
Пикалова,Оксана
Подругина,Анастасия
Покровский,Дмитрий
Савватеев,Алексей
Случ,Антон
Смирнов,Евгений
Соколов,Евгений
Сомин,Антон
Сонин,Константин
Спивак,Вита
Станкевич,Иван
Суворов,Антон
Судаков,Дмитрий
Тевс,Герхард
Челеховский,Александр
Шилова,Надежда
Щуров,Илья
